Alfa Romeo,4C GR.3,Gr.3,6.3,5.6,3.9,3.9,5.9,"495 HP 2,690 Lbs 3.31 Kg/Kw","450,000 Cr",MR
Alfa Romeo,4C Gr.3 Road Car,N 500,6.4,4.7,2.3,2.3,5.3,"444 HP 2,910 Lbs 3.99 Kg/Kw",?? Cr,MR
Alfa Romeo,4C GR.4,Gr.4,5.8,5.6,3.2,3.2,5.5,"296 HP 2,249 Lbs 4.62 Kg/Kw","350,000 Cr",MR
Alfa Romeo,4C LAUNCH EDITION 2014,N 200,6.2,4.2,1.6,1.5,5.1,"236 HP 2,094 Lbs 5.40 Kg/Kw","89,100 Cr",MR
Alfa Romeo,MITO 1.4 T SPORT 2009,N 200,4.4,2.7,1.5,1.2,5.3,"153 HP 2,524 Lbs 10.04 Kg/Kw","28,500 Cr",FF
Alpine,A110 1600S 1972,N 100,3.5,3.8,1.9,1.6,4.7,"138 HP 1,576 Lbs 6.94 Kg/Kw","100,000 Cr",RR
Alpine,A110 PREMIERE EDITION 2017,N 300,6.4,4.4,1.9,1.8,5.1,"248 HP 2,432 Lbs 5.96 Kg/Kw","70,000 Cr",MR
Alpine,ALPINE VISION GRAN TURISMO,Gr.X,8.4,4.9,3.0,3.1,5.6,"444 HP 1,984 Lbs 2.72 Kg/Kw","1,000,000 Cr",MR
Alpine,ALPINE VISION GRAN TURISMO 2017,Gr.1,9.7,5.9,6.1,6.1,6.4,"595 HP 2,050 Lbs 2.09 Kg/Kw","1,000,000 Cr",RR
Alpine,ALPINE VISION GRAN TURISMO RACE MODE,Gr.X,6.8,5.7,4.1,4.1,6.8,"444 HP 1,984 Lbs 2.72 Kg/Kw","1,000,000 Cr",MR
Aston Martin,ASTON MARTIN DP-100 VISION GRAN TURISMO,Gr.X,9.5,8.0,3.4,3.5,5.8,"800 HP 3,031 Lbs 2.31 Kg/Kw","1,000,000 Cr",4WD
Aston Martin,ASTON MARTIN VULCAN 2016,N 800,9.5,4.1,2.5,2.5,4.0,"820 HP 2,998 Lbs 2.22 Kg/Kw","3,300,000 Cr",FR
Aston Martin,DB11 2016,N 600,9.2,4.0,2.1,1.9,4.8,"599 HP 3,902 Lbs 3.96 Kg/Kw","238,000 Cr",FR
Aston Martin,ONE-77 2011,N 800,10,4.4,2.1,2.0,4.7,"748 HP 3,594 Lbs 2.92 Kg/Kw","1,320,000 Cr",FR
Aston Martin,V8 VANTAGE S 2015,N 400,7.9,3.9,1.9,1.8,5.1,"430 HP 3,549 Lbs 5.02 Kg/Kw","180,000 Cr",FR
Aston Martin,VANTAGE GR.4,Gr.4,6.4,4.7,3.0,3.1,6.0,"399 HP 2,976 Lbs 4.53 Kg/Kw","350,000 Cr",FR
Aston Martin,VI2 VANTAGE GT3 2012,Gr.3,6.1,5.3,4.1,4.1,6.5,"520 HP 2,756 Lbs 3.22 Kg/Kw","450,000 Cr",FR
Audi,AUDI E-TRON VISION GRAN TURISM0,Gr.X,10,9.0,5.4,5.4,7.8,"804 HP 3,197 Lbs 2.42 Kg/Kw","1,000,000 Cr",4WD
Audi,AUDI R18 TDI AUDI SPORT TEAM JOEST 2011,Gr.1,8.7,6.6,6.1,6.0,6.6,"553 HP 1,984 Lbs 2.18 Kg/Kw","1,000,000 Cr",MR
Audi,AUDI SPORT QUATTRO S1 PIKES PEAK 1987,Gr.B,5.7,7.4,3.2,3.0,5.4,"589 HP 2,205 Lbs 2.28 Kg/Kw","450,000 Cr",4WD
Audi,AUDI VISION GRAN TURISMO,Gr.1,9.8,9.1,5.6,5.6,7.1,"735 HP 2,756 Lbs 2.28 Kg/Kw","1,000,000 Cr",4WD
Audi,R18 Audi Sport Team Joest 2016,Gr.1,8.5,8.0,6.0,6.1,7.4,"527 HP 1,929 Lbs 2.23 Kg/Kw","1,000,000 Cr",MR
Audi,R18 TDI Le Mans 2011,Gr.1,8.7,6.6,6.1,6.0,6.6,"553 HP 1,984 Lbs 2.18 Kg/Kw",?? Cr,MR
Audi,R8 4.2 FSI R TRONIC 2007,N 400,8.1,6.1,2.2,2.0,5.9,"414 HP 3,439 Lbs 5.05 Kg/Kw","166,700 Cr",4WD
Audi,R8 LMS AUDI SPORT TEAM WRT 2015,Gr.3,7.0,5.5,4.0,4.0,5.6,"586 HP 2,701 Lbs 2.80 Kg/Kw","450,000 Cr",MR
Audi,TT CUP 2016,Gr.4,5.9,3.4,3.3,3.3,7.0,"335 HP 2,480 Lbs 4.50 Kg/Kw","350,000 Cr",FF
Audi,TTS COUPE 2014,N 300,6.7,5.6,1.8,1.6,5.1,"306 HP 3,053 Lbs 6.07 Kg/Kw","76,800 Cr",4WD
BMW,BMW M3 SPORT EVOLUTION 1989,N 200,5.9,3.4,2.0,1.7,4.8,"235 HP 2,646 Lbs 6.86 Kg/Kw","200,000 Cr",FR
BMW,BMW M4 COUPE 2014,N 400,7.9,3.7,2.0,1.8,4.8,"425 HP 3,300 Lbs 4.72 Kg/Kw","120,000 Cr",FR
BMW,BMW M4 GR.4,Gr.4,6.2,4.5,3.1,3.1,6.0,"394 HP 3,009 Lbs 4.64 Kg/Kw","350,000 Cr",FR
BMW,BMW M4 Safety Car,Gr.X,7.7,4.0,2.2,2.2,4.9,"?? HP 3,300 Lbs ?? Kg/Kw",?? Cr,FR
BMW,BMW M6 GT3 M POWER LIVERY 2016,Gr.3,6.6,5.0,4.1,4.1,6.2,"584 HP 2,866 Lbs 2.99 Kg/Kw","450,000 Cr",FR
BMW,BMW M6 GT3 WALKENHORST MOTORSPORT 2016,Gr.3,6.6,5.0,4.1,4.1,6.2,"584 HP 2,866 Lbs 2.99 Kg/Kw","450,000 Cr",FR
BMW,BMW VISION GRAN TURISMO,Gr.X,7.0,5.3,4.1,4.2,6.5,"541 HP 2,601 Lbs 2.92 Kg/Kw","1,000,000 Cr",FR
BMW,BMW Z4 GT3 2011,Gr.3,6.3,5.5,4.0,4.1,6.3,"509 HP 2,623 Lbs 3.13 Kg/Kw","450,000 Cr",FR
BMW,i3 2015,Gr.X,1.4,2.6,1.4,1.2,5.9,"168 HP 2,778 Lbs 10.08 Kg/Kw","49,900 Cr",MR
Bugatti,BUGATTI VISION GRAN TURISMO,Gr.X,10,9.4,4.7,4.7,6.5,"1,626 HP 3,086 Lbs 1.15 Kg/Kw","1,000,000 Cr",4WD
Bugatti,BUGATTI VISION GRAN TURISMO GR.1,Gr.1,9.0,8.3,6.4,6.4,7.3,"641 HP 2,161 Lbs 2.05 Kg/Kw","1,000,000 Cr",4WD
Bugatti,VEYRON 16.4 2013,N1000,10,6.6,2.2,2.1,5.9,"986 HP 4,162 Lbs 2.57 Kg/Kw","2,000,000 Cr",4WD
Bugatti,VEYRON GR.4,Gr.4,6.4,4.3,3.0,3.0,5.9,"434 HP 3,638 Lbs 5.09 Kg/Kw","350,000 Cr",4WD
Chaparral,CHEVROLET CHAPARRAL 2X VISION GRAN TURISMO,Gr.X,10,4.4,4.3,4.2,5.8,905 HP 992 Lbs 0.67 Kg/Kw,"1,000,000 Cr",??
Chevrolet,CAMARO SS 2016,N 500,7.6,3.8,2.0,1.8,4.9,"454 HP 3,686 Lbs 4.95 Kg/Kw","35,000 Cr",FR
Chevrolet,CORVETTE C7 GR.3,Gr.3,6.5,5.2,3.9,3.9,6.2,"551 HP 2,866 Lbs 3.16 Kg/Kw","450,000 Cr",FR
Chevrolet,CORVETTE C7 Gr.3 ROAD CAR,N 500,6.2,4.3,2.4,2.4,5.3,"493 HP 3,263 Lbs 4.02 Kg/Kw",?? Cr,FR
Chevrolet,CORVETTE C7 GR.4,Gr.4,6.5,4.8,3.1,3.1,6.0,"414 HP 2,976 Lbs 4.37 Kg/Kw","350,000 Cr",FR
Chevrolet,CORVETTE STINGRAY 2014,N 500,9.4,4.0,1.9,1.8,5.1,"454 HP 3,307 Lbs 4.44 Kg/Kw","51,000 Cr",FR
Chevrolet,CORVETTE STINGRAY CONVERTIBLE 1969,N 300,4.4,3.4,1.9,1.6,4.8,"299 HP 3,422 Lbs 6.96 Kg/Kw","50,000 Cr",FR
Citroen,DS3 RACING 2011,N 200,5.2,2.5,1.5,1.2,5.3,"203 HP 2,568 Lbs 7.66 Kg/Kw","36,000 Cr",FF
Citroen,GT BY CITROEN GR.4,Gr.4,6.3,5.3,3.1,3.2,5.9,"394 HP 2,866 Lbs 4.42 Kg/Kw","350,000 Cr",MR
Citroen,GT BY CITROEN RACE CAR GR.3,Gr.3,7.0,5.9,4.0,4.0,5.6,"599 HP 2,646 Lbs 2.68 Kg/Kw","450,000 Cr",MR
Citroen,GT BY CITROEN ROAD CAR,N 500,7.0,4.7,2.3,2.3,5.2,"501 HP 3,197 Lbs 3.88 Kg/Kw","300,000 Cr",MR
Daihatsu,DAIHATSU COPEN RJ VISION GRAN TURISMO,Gr.X,3.7,2.5,1.8,1.7,6.1,"147 HP 1,323 Lbs 5.45 Kg/Kw","1,000,000 Cr",FF
De Tomaso,PANTERA 1971,N 300,6.2,4.3,1.9,1.7,5.6,"325 HP 3,131 Lbs 5.84 Kg/Kw","200,000 Cr",MR
Dodge,CHALLENGER R/T 1970,N 400,2.8,3.7,1.9,1.5,4.6,"425 HP 3,801 Lbs 5.44 Kg/Kw","80,000 Cr",FR
Dodge,DODGE CHARGER SRT HELLCAT 2015,N 700,9.4,3.7,2.0,1.9,4.6,"707 HP 4,365 Lbs 3.76 Kg/Kw","76,800 Cr",FR
Dodge,SRT TOMAHAWK VISION GRAN TURISMO GR.1,Gr.1,9.8,7.2,6.4,6.4,5.9,"693 HP 2,094 Lbs 1.84 Kg/Kw","1,000,000 Cr",MR
Dodge,SRT TOMAHAWK VISION GRAN TURISMO RACING,Gr.X,10,10,5.7,5.8,6.8,"1,449 HP 1,462 Lbs 0.61 Kg/Kw","1,000,000 Cr",4WD
Dodge,SRT TOMAHAWK VISION GRAN TURISMO STREET,Gr.X,10,8.4,3.9,4.0,5.9,"1,007 HP 2,030 Lbs 1.23 Kg/Kw","1,000,000 Cr",4WD
Dodge,SRT TOMAHAWK VISION GRAN TURISMO TECHNOLOGY,Gr.X,10,10,6.5,6.6,10,"2,586 HP 1,651 Lbs 0.39 Kg/Kw","1,000,000 Cr",4WD
Dodge,VIPER GR.4,Gr.4,6.3,4.7,3.1,3.2,6.1,"429 HP 3,086 Lbs 4.38 Kg/Kw","350,000 Cr",FR
Dodge,VIPER GTS 2002,N 500,7.9,4.4,2.1,2.0,5.1,"449 HP 3,459 Lbs 4.68 Kg/Kw","90,500 Cr",FR
Dodge,VIPER GTS 2013,N 600,9.7,4.4,2.2,2.1,4.7,"640 HP 3,430 Lbs 3.26 Kg/Kw","123,000 Cr",FR
Dodge,VIPER SRT GT3-R 2015,Gr.3,7.3,5.6,3.9,3.9,5.9,"678 HP 2,844 Lbs 2.55 Kg/Kw","450,000 Cr",FR
Ferrari,330 P4 1967,Gr.X,7.5,5.9,3.5,3.6,4.9,"449 HP 1,746 Lbs 2.36 Kg/Kw","20,000,000 Cr",MR
Ferrari,458 ITALIA 2009,N 600,9.3,4.7,2.0,2.1,5.3,"563 HP 3,274 Lbs 3.54 Kg/Kw","283,000 Cr",MR
Ferrari,458 ITALIA GR.4,Gr.4,6.3,4.5,3.0,3.1,5.9,"375 HP 2,976 Lbs 4.84 Kg/Kw","350,000 Cr",MR
Ferrari,458 ITALIA GT3 2013,Gr.3,6.5,5.9,4.0,4.0,5.5,"542 HP 2,679 Lbs 3.00 Kg/Kw","450,000 Cr",MR
Ferrari,512 BB 1976,N 400,7.9,4.2,2.0,1.9,4.8,"354 HP 3,086 Lbs 5.30 Kg/Kw","105,000 Cr",MR
Ferrari,ENZO FERRARI 2002,N 700,10,4.9,2.1,2.1,5.0,"659 HP 2,767 Lbs 2.56 Kg/Kw","1,000,000 Cr",MR
Ferrari,F40 1992,N 500,8.9,5.3,2.1,2.2,5.3,"471 HP 2,425 Lbs 3.13 Kg/Kw","450,000 Cr",MR
Ferrari,LA FERRARI 2013,N1000,10,4.9,2.3,2.4,4.1,"949 HP 2,767 Lbs 1.77 Kg/Kw","1,600,000 Cr",MR
Fittipaldi Motors,FITTIPALDI EF7 VISION GRAN TURISMO BY PININFARINA,Gr.X,7.5,5.6,4.2,4.3,6.0,"598 HP 2,205 Lbs 2.24 Kg/Kw","1,000,000 Cr",MR
Ford,F-150 SVT RAPTOR 2011,N 400,4.0,4.1,2.2,1.8,5.0,"411 HP 6,005 Lbs 8.87 Kg/Kw","55,000 Cr",4WD
Ford,FOCUS GR.B RALLY CAR,Gr.B,5.7,7.2,3.0,2.9,5.4,"538 HP 2,778 Lbs 3.13 Kg/Kw","450,000 Cr",4WD
Ford,FOCUS ST 2015,N 300,5.7,2.5,1.7,1.4,5.2,"250 HP 3,223 Lbs 7.82 Kg/Kw","29,250 Cr",FF
Ford,FORD GT 2006,N 600,10,4.7,2.1,2.1,5.6,"550 HP 3,199 Lbs 3.54 Kg/Kw","150,000 Cr",MR
Ford,GT40 MARK I 1966,N 400,6.7,4.0,2.2,2.2,5.2,"354 HP 2,381 Lbs 4.09 Kg/Kw","2,800,000 Cr",MR
Ford,MUSTANG GR.3,Gr.3,6.5,5.0,4.0,4.0,6.6,"549 HP 2,866 Lbs 3.17 Kg/Kw","450,000 Cr",FR
Ford,MUSTANG Gr.3 ROAD CAR,N 500,6.1,3.8,2.4,2.4,5.0,"503 HP 3,307 Lbs 4.00 Kg/Kw",?? Cr,FR
Ford,MUSTANG GR.4,Gr.4,6.1,4.4,3.1,3.1,6.1,"395 HP 3,086 Lbs 4.75 Kg/Kw","350,000 Cr",FR
Ford,MUSTANG GR.B RALLY CAR,Gr.B,5.6,7.2,2.9,2.8,5.3,"549 HP 3,042 Lbs 3.37 Kg/Kw","450,000 Cr",4WD
Ford,MUSTANG GT PREMIUM FASTBACK 2015,N 400,6.7,3.1,1.9,1.7,4.6,"435 HP 3,706 Lbs 5.19 Kg/Kw","44,310 Cr",FR
Ford,MUSTANG MACH 1 1971,N 300,2.7,3.6,2.0,1.8,4.8,"303 HP 3,560 Lbs 7.15 Kg/Kw","50,000 Cr",FR
Gran Turismo,CHRIS HOLSTROM CONCEPTS 1967 CHEVY NOVA,N 700,8.7,4.4,2.2,2.0,4.4,"733 HP 3,012 Lbs 2.50 Kg/Kw","300,000 Cr",FR
Gran Turismo,ECKERTS ROD & CUSTOM MACH FORTY,N 800,10,4.2,2.1,2.0,4.5,"788 HP 3,501 Lbs 2.70 Kg/Kw","300,000 Cr",MR
Gran Turismo,F1500T-A,Gr.X,10,8.2,6.9,7.2,5.4,"986 HP 1,190 Lbs 0.73 Kg/Kw","1,000,000 Cr",MR
Gran Turismo,Gran Turismo Racing Kart 125 Shifter,Gr.X,2.5,6.7,4.3,4.3,5.7,?? HP 231 Lbs ?? Kg/Kw,?? Cr,??
Gran Turismo,GRAN TURISMO RED BULL X2014 JUNIOR 2014,Gr.X,6.2,6.2,5.9,5.9,6.3,"246 HP 1,213 Lbs 2.99 Kg/Kw","350,000 Cr",MR
Gran Turismo,GRAN TURISMO RED BULL X2014 STANDARD 2014,Gr.X,9.7,10,9.6,9.7,7.0,"799 HP 1,433 Lbs 1.09 Kg/Kw","3,000,000 Cr",MR
Honda,CIVIC TYPER 2015,N 300,6.2,2.9,1.7,1.5,5.4,"306 HP 3,042 Lbs 6.05 Kg/Kw","42,800 Cr",FF
Honda,HONDA PROJECT 2&4 POWERED BY RC213V,Gr.X,6.0,3.8,1.9,2.0,4.5,211 HP 893 Lbs 2.58 Kg/Kw,"100,000 Cr",MR
Honda,HONDA SPORTS VISION GRAN TURISMO,Gr.X,7.2,5.1,2.8,2.9,5.4,"403 HP 1,982 Lbs 2.99 Kg/Kw","1,000,000 Cr",MR
Honda,NSX 2017,N 600,9.3,6.0,1.9,1.9,5.6,"570 HP 3,924 Lbs 4.19 Kg/Kw","200,000 Cr",4WD
Honda,NSX GR.3,Gr.3,6.7,5.8,3.9,3.9,5.6,"568 HP 2,866 Lbs 3.07 Kg/Kw","450,000 Cr",MR
Honda,NSX GR.4,Gr.4,6.4,4.4,3.1,3.1,5.7,"394 HP 2,998 Lbs 4.63 Kg/Kw","350,000 Cr",MR
Honda,NSX GR.B RALLY CAR,Gr.B,5.7,7.2,3.0,2.8,5.0,"557 HP 2,866 Lbs 3.13 Kg/Kw","450,000 Cr",4WD
Honda,RAYBRIG NSX CONCEPT-GT 2016,Gr.2,7.1,6.6,5.5,5.5,6.1,"603 HP 2,313 Lbs 2.33 Kg/Kw","800,000 Cr",MR
Hyundai,GENESIS COUPE 3.8 TRACK 2013,N 300,7.1,3.1,1.7,1.5,5.1,"343 HP 3,433 Lbs 6.08 Kg/Kw","33,000 Cr",FR
Hyundai,GENESIS GR.3,Gr.3,5.7,5.0,4.1,4.1,6.5,"510 HP 2,756 Lbs 3.29 Kg/Kw","450,000 Cr",FR
Hyundai,GENESIS GR.4,Gr.4,6.1,4.5,3.1,3.2,6.3,"385 HP 2,976 Lbs 4.70 Kg/Kw","350,000 Cr",FR
Hyundai,GENESIS GR.B RALLY CAR,Gr.B,5.7,7.2,3.0,2.9,5.4,"500 HP 2,756 Lbs 3.35 Kg/Kw","450,000 Cr",4WD
Hyundai,HYUNDAI N 2025 VISION GRAN TURISMO,Gr.X,10,3.9,4.4,4.5,5.8,"871 HP 2,143 Lbs 1.50 Kg/Kw","1,000,000 Cr",4WD
Hyundai,HYUNDAI N 2025 VISION GRAN TURISMO GR.1,Gr.1,9.5,9.4,5.9,5.9,6.6,"640 HP 2,143 Lbs 2.04 Kg/Kw","1,000,000 Cr",4WD
Infiniti,INFINITI CONCEPT VISION GRAN TURISMO,Gr.X,8.0,5.0,2.9,2.9,4.7,"535 HP 3,704 Lbs 4.21 Kg/Kw","1,000,000 Cr",FR
Jaguar,F-TYPE GR.3,Gr.3,6.7,5.1,4.0,4.0,6.2,"551 HP 2,756 Lbs 3.04 Kg/Kw","450,000 Cr",FR
Jaguar,F-TYPE GR.4,Gr.4,6.4,4.6,3.1,3.1,6.1,"399 HP 2,976 Lbs 4.53 Kg/Kw","350,000 Cr",FR
Jaguar,F-TYPE R COUPE 2014,N 600,8.9,4.0,2.0,1.8,4.9,"542 HP 3,638 Lbs 4.07 Kg/Kw","128,600 Cr",FR
Jaguar,XJ13 1966,Gr.X,8.0,5.9,3.3,3.4,5.3,"511 HP 2,200 Lbs 2.62 Kg/Kw","20,000,000 Cr",MR
KTM,X-BOW R 2012,N 300,6.3,4.9,2.5,2.5,5.0,"299 HP 1,742 Lbs 3.54 Kg/Kw","100,000 Cr",MR
Lamborghini,AVENTADOR LP 700-4 2011,N 700,10,6.5,2.1,2.2,6.0,"690 HP 3,472 Lbs 3.06 Kg/Kw","400,000 Cr",4WD
Lamborghini,COUNTACH LP400 1974,N 400,8.6,4.4,1.9,1.8,4.9,"374 HP 2,348 Lbs 3.82 Kg/Kw","1,800,000 Cr",MR
Lamborghini,DIABLO GT 2000,N 600,7.9,5.0,2.0,2.1,5.3,"572 HP 3,285 Lbs 3.49 Kg/Kw","300,000 Cr",MR
Lamborghini,HURACAN GR.4,Gr.4,6.6,4.4,3.1,3.1,6.0,"404 HP 3,009 Lbs 4.52 Kg/Kw","350,000 Cr",4WD
Lamborghini,HURACAN GT3 2015,Gr.3,6.9,6.0,4.0,4.0,5.5,"577 HP 2,712 Lbs 2.86 Kg/Kw","450,000 Cr",MR
Lamborghini,HURACAN LP 610-4 2015,N 600,9.1,6.4,2.1,2.1,6.0,"601 HP 3,135 Lbs 3.17 Kg/Kw","297,000 Cr",4WD
Lamborghini,VENENO 2014,N 800,10,6.7,2.3,2.3,6.3,"739 HP 3,197 Lbs 2.63 Kg/Kw","3,640,000 Cr",4WD
Lexus,AU TOM'S RCF 2016,Gr.2,7.3,6.4,5.5,5.5,6.5,"614 HP 2,249 Lbs 2.23 Kg/Kw","800,000 Cr",FR
Lexus,LC500 2017,N 500,7.9,3.8,2.0,1.8,4.9,"469 HP 4,277 Lbs 5.54 Kg/Kw","150,000 Cr",FR
Lexus,LF-LC GT VISION GRAN TURISMO,Gr.X,7.7,5.3,4.5,4.5,6.4,"612 HP 2,370 Lbs 2.35 Kg/Kw","1,000,000 Cr",FR
Lexus,RC F GT3 EMIL FREY RACING 2017,Gr.3,6.2,4.7,4.2,4.2,6.5,"525 HP 2,866 Lbs 3.32 Kg/Kw","450,000 Cr",FR
Lexus,RCF 2014,N 500,8.1,3.8,1.9,1.7,4.9,"469 HP 3,946 Lbs 5.11 Kg/Kw","95,300 Cr",FR
Lexus,RCF GR.4,Gr.4,6.3,4.6,3.0,3.0,5.9,"419 HP 3,086 Lbs 4.47 Kg/Kw","350,000 Cr",FR
Lexus,RCF GT3 PROTOTYPE EMIL FREY RACING 2016,Gr.3,6.1,5.1,4.1,4.1,6.6,"522 HP 2,866 Lbs 3.34 Kg/Kw","450,000 Cr",FR
Mazda,ATENZA GR.3,Gr.3,5.9,5.0,4.2,4.2,6.5,"567 HP 2,822 Lbs 3.03 Kg/Kw","450,000 Cr",FR
Mazda,ATENZA Gr.3 ROAD CAR,N 500,5.4,3.9,2.5,2.4,5.1,"483 HP 3,197 Lbs 4.03 Kg/Kw",?? Cr,FR
Mazda,ATENZA GR.4,Gr.4,6.1,5.0,3.1,3.1,6.6,"393 HP 3,042 Lbs 4.71 Kg/Kw","350,000 Cr",4WD
Mazda,ATENZA SEDAN XD L PACKAGE 2015,N 200,3.7,5.3,1.7,1.4,5.1,"173 HP 3,527 Lbs 12.40 Kg/Kw","39,690 Cr",4WD
Mazda,LM55 VISION GRAN TURISMO,Gr.X,10,8.4,4.5,4.5,6.4,792 HP ?? Lbs 0.00 Kg/Kw,"1,000,000 Cr",4WD
Mazda,LM55 VISION GRAN TURISMO GR.1,Gr.1,10,8.9,5.8,5.8,7.4,"641 HP 1,940 Lbs 1.84 Kg/Kw","1,000,000 Cr",4WD
Mazda,ROADSTER S 2015,N 100,4.1,2.8,1.3,1.1,4.9,"128 HP 2,183 Lbs 10.31 Kg/Kw","24,950 Cr",FR
Mazda,RX-7 GT-X 1990,N 200,5.6,3.4,1.9,1.7,4.9,"203 HP 2,756 Lbs 8.22 Kg/Kw","24,800 Cr",FR
Mazda,RX-7 SPIRIT R TYPE A 2002,N 300,6.7,4.0,2.0,1.8,5.0,"293 HP 2,800 Lbs 5.83 Kg/Kw","40,000 Cr",FR
McLaren,650S COUPE 2014,N 700,9.6,4.7,2.0,2.0,5.2,"641 HP 2,932 Lbs 2.78 Kg/Kw","340,000 Cr",MR
McLaren,650S GR.4,Gr.4,6.2,5.3,3.1,3.1,5.9,"399 HP 2,866 Lbs 4.36 Kg/Kw","350,000 Cr",MR
McLaren,650S GT3 2015,Gr.3,6.1,4.4,4.0,4.0,5.7,"507 HP 2,734 Lbs 3.28 Kg/Kw","450,000 Cr",MR
McLaren,MCLAREN F1 1994,N 600,9.1,5.1,2.5,2.5,5.7,"626 HP 2,513 Lbs 2.44 Kg/Kw","1,000,000 Cr",MR
McLaren,MCLAREN ULTIMATE VISION GRAN TURISMO,Gr.X,10,10,6.5,6.9,6.1,"1,134 HP 1,984 Lbs 1.06 Kg/Kw","1,000,000 Cr",MR
McLaren,MCLAREN ULTIMATE VISION GRAN TURISMO GR.1,Gr.1,9.6,7.9,5.8,5.9,4.9,"937 HP 1,984 Lbs 1.29 Kg/Kw","1,000,000 Cr",MR
McLaren,MP4-12C 2010,N 600,9.8,4.6,2.0,2.0,5.3,"600 HP 2,976 Lbs 3.01 Kg/Kw","225,000 Cr",MR
Mercedes-Benz,A 45 AMG 4MATIC 2013,N 400,7.0,5.5,1.6,1.4,5.1,"355 HP 3,428 Lbs 5.87 Kg/Kw","64,000 Cr",4WD
Mercedes-Benz,AMG VISION GRAN TURISMO,Gr.X,9.3,4.5,2.4,2.4,5.1,"577 HP 3,053 Lbs 3.22 Kg/Kw","1,000,000 Cr",FR
Mercedes-Benz,AMG VISION GRAN TURISMO RACING SERIES,Gr.X,7.6,5.5,3.9,3.9,5.6,"591 HP 2,866 Lbs 2.95 Kg/Kw","1,000,000 Cr",FR
Mercedes-Benz,MERCEDES-AMG GT SAFETY CAR,Gr.X,8.4,4.7,2.4,2.4,5.2,"?? HP 3,461 Lbs ?? Kg/Kw",?? Cr,FR
Mercedes-Benz,MERCEDES-AMG GT3 AMG-TEAM HTP-MOTORSPORT 2016,Gr.3,6.8,5.5,3.9,4.0,6.2,"613 HP 2,921 Lbs 2.90 Kg/Kw","450,000 Cr",FR
Mercedes-Benz,MERCEDES-AMG GTS 2015,N 500,8.8,4.2,2.1,2.1,5.1,"503 HP 3,461 Lbs 4.19 Kg/Kw","184,000 Cr",FR
Mercedes-Benz,SLS AMG 2010,N 600,9.4,4.3,2.1,2.0,5.0,"570 HP 3,571 Lbs 3.81 Kg/Kw","197,620 Cr",FR
Mercedes-Benz,SLS AMG GR.4,Gr.4,6.5,5.1,3.1,3.1,5.9,"419 HP 3,120 Lbs 4.52 Kg/Kw","350,000 Cr",FR
Mercedes-Benz,SLS AMG GT3 2011,Gr.3,6.6,5.3,3.9,3.9,6.2,"570 HP 2,976 Lbs 3.18 Kg/Kw","450,000 Cr",FR
MINI,MINI CLUBMAN VISION GRAN TURISMO,Gr.X,6.6,6.7,2.9,2.9,5.7,"388 HP 2,315 Lbs 3.62 Kg/Kw","1,000,000 Cr",4WD
Mitsubishi,CONCEPT XR-PHEV EVOLUTION VISION GRAN TURISMO,Gr.X,7.0,8.0,4.1,4.2,7.2,"503 HP 2,976 Lbs 3.60 Kg/Kw","1,000,000 Cr",4WD
Mitsubishi,LANCER EVOLUTION FINAL EDITION 2015,N 300,5.6,5.5,1.8,1.5,5.1,"310 HP 3,373 Lbs 6.62 Kg/Kw","43,000 Cr",4WD
Mitsubishi,LANCER EVOLUTION FINAL EDITION GR.3,Gr.3,6.1,5.1,4.2,4.1,6.5,"522 HP 2,844 Lbs 3.32 Kg/Kw","450,000 Cr",FR
Mitsubishi,LANCER EVOLUTION FINAL EDITION GR.4,Gr.4,6.0,6.1,3.2,3.2,6.6,"389 HP 2,932 Lbs 4.57 Kg/Kw","350,000 Cr",4WD
Mitsubishi,LANCER EVOLUTION FINAL EDITION GR.B RALLY CAR,Gr.B,5.4,7.2,3.0,2.9,5.3,"522 HP 2,844 Lbs 3.32 Kg/Kw","450,000 Cr",4WD
Mitsubishi,LANCER EVOLUTION FINAL EDITION GR.B ROAD CAR,N 500,5.8,5.1,2.4,2.4,5.6,"473 HP 3,142 Lbs 4.04 Kg/Kw",?? Cr,4WD
Nissan,GT-R GR.4,Gr.4,6.5,5.5,3.1,3.1,6.4,"429 HP 3,197 Lbs 4.53 Kg/Kw","350,000 Cr",4WD
Nissan,GT-R GR.B RALLY CAR,Gr.B,5.7,7.2,3.0,2.8,5.4,"542 HP 2,976 Lbs 3.33 Kg/Kw","450,000 Cr",4WD
Nissan,GT-R LM NISMO 2015,Gr.1,8.7,8.5,5.9,6.0,7.8,"604 HP 1,940 Lbs 1.95 Kg/Kw","1,000,000 Cr",FF
Nissan,GT-R NISMO 2017,N 600,9.0,6.3,2.1,2.0,5.4,"592 HP 3,836 Lbs 3.95 Kg/Kw","187,000 Cr",4WD
Nissan,GT-R NISMO GT3 N24 SCHULZE MOTORSPORT 2013,Gr.3,6.0,4.9,4.1,4.1,7.0,"542 HP 2,866 Lbs 3.21 Kg/Kw","450,000 Cr",FR
Nissan,GT-R PREMIUM EDITION 2017,N 600,9.0,6.3,2.1,2.0,5.4,"564 HP 3,902 Lbs 4.20 Kg/Kw","94,770 Cr",4WD
Nissan,GT-R SAFETY CAR,Gr.X,8.9,6.3,2.1,2.0,5.4,"564 HP 3,836 Lbs 4.13 Kg/Kw",?? Cr,4WD
Nissan,M0TUL AUTECH GT-R 2016,Gr.2,7.2,6.4,5.5,5.5,6.4,"612 HP 2,249 Lbs 2.23 Kg/Kw","800,000 Cr",FR
Nissan,NISSAN CONCEPT 2020 VISION GRAN TURISMO,Gr.X,8.7,5.3,3.0,3.0,5.2,697 HP ?? Lbs 0.00 Kg/Kw,"1,000,000 Cr",4WD
Nissan,SKYLINE GT-R V-SPEC 1997,N 300,6.8,5.4,2.0,1.8,5.1,"319 HP 3,395 Lbs 6.47 Kg/Kw","54,000 Cr",4WD
Nissan,SKYLINE GT-R V-SPEC II 1994,N 300,6.5,5.1,2.0,1.8,5.1,"307 HP 3,307 Lbs 6.55 Kg/Kw","52,900 Cr",4WD
Nissan,SKYLINE GT-R V-SPEC II NUR 2002,N 300,6.9,6.0,2.0,1.8,5.1,"336 HP 3,439 Lbs 6.22 Kg/Kw","61,000 Cr",4WD
Peugeot,208 GTI BY PEUGEOT SPORT 2014,N 200,5.0,2.6,1.4,1.2,5.3,"204 HP 2,646 Lbs 7.89 Kg/Kw","36,870 Cr",FF
Peugeot,PEUGEOT 908 HDI FAP TEAM PEUGEOT TOTAL 2010,Gr.1,9.5,6.8,5.8,5.8,6.3,"700 HP 2,050 Lbs 1.78 Kg/Kw","1,000,000 Cr",MR
Peugeot,PEUGEOT L500R HYBRID VISION GRAN TURISMO 2017,Gr.X,6.5,4.1,2.5,2.5,6.3,"268 HP 3,417 Lbs 7.75 Kg/Kw","1,000,000 Cr",4WD
Peugeot,PEUGEOT L750R HYBRID VISION GRAN TURISMO 2017,Gr.1,8.9,7.1,6.2,6.3,8.4,"693 HP 1,984 Lbs 1.74 Kg/Kw","1,000,000 Cr",4WD
Peugeot,PEUGEOT VISION GRAN TURISMO,Gr.X,9.6,8.5,3.7,3.8,6.0,"874 HP 1,929 Lbs 1.34 Kg/Kw","1,000,000 Cr",4WD
Peugeot,PEUGEOT VISION GRAN TURISMO GR.3,Gr.3,7.0,5.5,3.9,3.9,6.1,"542 HP 2,756 Lbs 3.09 Kg/Kw","450,000 Cr",MR
Peugeot,RCZ GR.3,Gr.3,6.1,5.6,4.1,4.1,6.1,"517 HP 2,646 Lbs 3.12 Kg/Kw","450,000 Cr",MR
Peugeot,RCZ Gr.3 Road Car (N500),N 500,6.0,4.6,2.4,2.4,5.3,"469 HP 3,086 Lbs 4.01 Kg/Kw",?? Cr,MR
Peugeot,RCZ GR.4,Gr.4,5.8,3.6,3.2,3.3,7.2,"345 HP 2,701 Lbs 4.77 Kg/Kw","350,000 Cr",FF
Peugeot,RCZ GR.B RALLY CAR,Gr.B,5.7,7.2,3.0,2.9,5.2,"517 HP 2,646 Lbs 3.12 Kg/Kw","450,000 Cr",4WD
Peugeot,RCZ GT LINE 2015,N 200,4.6,2.9,1.7,1.5,5.3,"153 HP 2,976 Lbs 11.84 Kg/Kw","46,600 Cr",FF
Porsche,911 GT3 RS 2016,N 500,8.6,5.2,2.4,2.3,5.3,"491 HP 3,131 Lbs 3.88 Kg/Kw","253,000 Cr",RR
Porsche,911 RSR 2017,Gr.3,6.3,4.6,4.0,4.0,6.0,"510 HP 2,740 Lbs 3.27 Kg/Kw","450,000 Cr",MR
Porsche,CAYMAN GT4 CLUBSPORT 2016,Gr.4,6.5,5.1,3.1,3.1,5.7,"380 HP 2,866 Lbs 4.59 Kg/Kw","350,000 Cr",MR
Porsche,PORSCHE 919 HYBRID PORSCHE TEAM 2016,Gr.1,9.2,6.9,6.0,6.0,7.5,"501 HP 1,929 Lbs 2.34 Kg/Kw","1,000,000 Cr",4WD
Renault Sport,CLIO R.S. 220 EDC TROPHY 2015,N 200,5.2,2.5,1.4,1.2,5.3,"217 HP 2,599 Lbs 7.28 Kg/Kw","35,000 Cr",FF
Renault Sport,MEGANE GR.4,Gr.4,5.9,3.6,3.3,3.3,7.5,"350 HP 2,425 Lbs 4.21 Kg/Kw","350,000 Cr",FF
Renault Sport,MEGANE R.S. TROPHY 2011,N 300,5.1,2.9,1.7,1.4,5.3,"261 HP 3,058 Lbs 7.11 Kg/Kw","38,500 Cr",FF
Renault Sport,R.S.01 2016,Gr.X,6.3,6.0,4.2,4.2,6.0,"542 HP 2,522 Lbs 2.82 Kg/Kw","500,000 Cr",MR
Renault Sport,R.S.01 GT3 2016,Gr.3,6.4,5.8,4.0,4.0,6.0,"534 HP 2,690 Lbs 3.06 Kg/Kw","450,000 Cr",MR
Shelby,Cobra 427 1966,N 500,5.4,4.5,2.0,2.0,4.6,"484 HP 2,355 Lbs 2.96 Kg/Kw","2,000,000 Cr",FR
Subaru,FALKEN TIRE/ TURN 14 DISTRIBUTION BRZ 2017,Gr.X,4.9,3.6,2.5,2.5,3.7,"1,037 HP 3,159 Lbs 1.85 Kg/Kw","400,000 Cr",FR
Subaru,VIZIV GT VISION GRAN TURISMO,Gr.X,8.7,7.2,3.6,3.5,6.1,"630 HP 3,042 Lbs 2.94 Kg/Kw","1,000,000 Cr",4WD
Subaru,WRX GR.3,Gr.3,6.1,5.2,4.2,4.2,6.6,"522 HP 2,822 Lbs 3.29 Kg/Kw","450,000 Cr",FR
Subaru,WRX GR.4,Gr.4,6.0,6.7,3.1,3.2,6.6,"378 HP 2,910 Lbs 4.68 Kg/Kw","350,000 Cr",4WD
Subaru,WRX GR.B RALLY CAR,Gr.B,5.7,7.2,3.0,2.9,5.3,"522 HP 2,822 Lbs 3.29 Kg/Kw","450,000 Cr",4WD
Subaru,WRX GR.B ROAD CAR,N 500,5.9,5.2,2.4,2.4,5.6,"473 HP 3,142 Lbs 4.04 Kg/Kw",?? Cr,4WD
Subaru,WRX STI ISLE OF MAN TIME ATTACK CAR 2016,Gr.X,6.6,7.6,3.4,3.4,5.5,"579 HP 2,513 Lbs 2.64 Kg/Kw","300,000 Cr",4WD
Subaru,WRX STI TYPES 2014,N 300,6.2,5.7,1.8,1.5,5.1,"303 HP 3,285 Lbs 6.59 Kg/Kw","41,148 Cr",4WD
Suzuki,SWIFT SPORT 2007,N 100,3.5,2.8,1.9,1.6,5.3,"123 HP 2,337 Lbs 11.52 Kg/Kw","16,300 Cr",FF
Toyota,2000GT 1967,N 200,5.3,3.1,1.9,1.5,5.0,"154 HP 2,469 Lbs 9.74 Kg/Kw","160,000 Cr",FR
Toyota,86 GR.4,Gr.4,6.1,4.3,3.1,3.1,5.9,"359 HP 2,646 Lbs 4.48 Kg/Kw","350,000 Cr",FR
Toyota,86 GR.B RALLY CAR,Gr.B,5.7,7.2,3.0,2.8,5.3,"517 HP 2,601 Lbs 3.06 Kg/Kw","450,000 Cr",4WD
Toyota,86 GRMN 2016,N 200,5.1,3.0,1.5,1.4,5.2,"212 HP 2,690 Lbs 7.72 Kg/Kw","50,000 Cr",FR
Toyota,86 GT 2015,N 200,4.8,2.9,1.5,1.3,4.8,"198 HP 2,712 Lbs 8.31 Kg/Kw","29,052 Cr",FR
Toyota,FT-1 2014,Gr.X,7.7,4.2,2.1,2.1,5.0,486 HP ?? Lbs 0.00 Kg/Kw,"500,000 Cr",FR
Toyota,FT-1 VISION GRAN TURISMO,Gr.X,7.7,5.8,4.5,4.5,6.2,614 HP ?? Lbs 0.00 Kg/Kw,"1,000,000 Cr",FR
Toyota,FT-1 VISION GRAN TURISMO GR.3,Gr.3,6.6,5.2,4.0,4.0,6.1,"544 HP 2,822 Lbs 3.15 Kg/Kw","450,000 Cr",FR
Toyota,MR2 GT-S 1997,N 200,5.9,4.3,1.9,1.7,5.0,"244 HP 2,800 Lbs 6.98 Kg/Kw","27,100 Cr",MR
Toyota,S-FR 2015,N 100,3.9,3.0,1.3,1.2,5.1,"133 HP 2,315 Lbs 10.61 Kg/Kw","30,000 Cr",FR
Toyota,S-FR RACING CONCEPT 2016,N 400,6.4,3.6,1.8,1.9,5.4,"349 HP 2,535 Lbs 4.42 Kg/Kw","80,000 Cr",FR
Toyota,SUPRA 3.0GT TURBO A 1988,N 300,6.4,3.1,1.9,1.7,4.9,"266 HP 3,373 Lbs 7.69 Kg/Kw","40,500 Cr",FR
Toyota,SUPRA RZ 1997,N 300,7.2,3.3,1.9,1.8,5.1,"325 HP 3,329 Lbs 6.21 Kg/Kw","45,000 Cr",FR
Toyota,TS030 HYBRID 2012,Gr.1,8.2,5.9,6.2,6.2,7.0,"529 HP 1,984 Lbs 2.28 Kg/Kw","1,000,000 Cr",MR
Toyota,TS050 HYBRID TOYOTA GAZOO RACING 2016,Gr.1,8.7,6.1,6.0,5.9,7.5,"507 HP 1,929 Lbs 2.31 Kg/Kw","1,000,000 Cr",4WD
Volkswagen,BEETLE GR.3,Gr.3,6.9,5.4,4.2,4.3,6.6,"592 HP 2,646 Lbs 2.72 Kg/Kw","450,000 Cr",FR
Volkswagen,GOLF VII GTI 2014,N 200,5.3,2.7,1.5,1.3,5.3,"217 HP 3,064 Lbs 8.58 Kg/Kw","38,330 Cr",FF
Volkswagen,GTI ROADSTER VISION GRAN TURISMO,Gr.X,7.7,7.6,3.6,3.6,6.5,"551 HP 2,646 Lbs 2.92 Kg/Kw","1,000,000 Cr",4WD
Volkswagen,GTI SUPERSPORT VISION GRAN TURISMO,Gr.X,7.4,7.6,3.8,3.8,6.9,"551 HP 2,646 Lbs 2.92 Kg/Kw","1,000,000 Cr",4WD
Volkswagen,GTI VISION GRAN TURISMO GR.3,Gr.3,6.7,5.2,3.8,3.8,6.0,"551 HP 2,778 Lbs 3.07 Kg/Kw","450,000 Cr",MR
Volkswagen,SAMBABUS TYP2 1962,N 100,0.0,1.8,1.9,1.6,4.9,"34 HP 2,414 Lbs 43.80 Kg/Kw","75,000 Cr",RR
Volkswagen,SCIROCCO GR.4,Gr.4,6.1,3.4,3.3,3.3,7.2,"359 HP 2,315 Lbs 3.92 Kg/Kw","350,000 Cr",FF
Zagato IsoRivolta,Zagato Vision Gran Turismo,Gr.X,8.4,4.3,3.1,3.1,5.1,"559 HP 2,535 Lbs 2.76 Kg/Kw","1,000,000 Cr",FR